{"cameraMode":{"drawMode":0,"name":"Shaded","section":"Shading Mode"},"sceneLighting":true,"audioPlay":false,"sceneViewState":{"m_AlwaysRefresh":false,"showFog":true,"showSkybox":true,"showFlares":true,"showImageEffects":true,"showParticleSystems":true,"showVisualEffectGraphs":true,"m_FxEnabled":true},"in2DMode":false,"pivot":{"x":-6.565943717956543,"y":-9.946224212646485,"z":-0.8925285339355469},"rotation":{"x":-0.12347275763750076,"y":0.024821562692523004,"z":0.011223847977817059,"w":-0.9927892684936523},"size":47.25736618041992,"orthographic":false}