{"cameraMode":{"drawMode":0,"name":"Shaded","section":"Shading Mode"},"sceneLighting":false,"audioPlay":false,"sceneViewState":{"m_AlwaysRefresh":false,"showFog":true,"showSkybox":false,"showFlares":true,"showImageEffects":true,"showParticleSystems":true,"showVisualEffectGraphs":true,"m_FxEnabled":true},"in2DMode":false,"pivot":{"x":-4.9407243728637699,"y":1.7700005769729615,"z":-61.30000305175781},"rotation":{"x":-0.15016354620456696,"y":-0.06511355191469193,"z":0.009648156352341175,"w":-0.9867236018180847},"size":6.709190845489502,"orthographic":false}